{"cam_matrix": [[672.2220029376624, 0.0, 377.9785558471048], [0.0, 666.7624638017784, 324.06879256791797], [0.0, 0.0, 1.0]], "distortion_coef": [[0.20302425994516418, -0.0681452352734999, 0.012578031416812744, -0.015906857009827333, -0.38542429760298674]], "optimized_cam_matrix": [[670.3683471679688, 0.0, 376.93627207256213], [0.0, 669.83251953125, 320.8774064823083], [0.0, 0.0, 1.0]]}